

--Meine Produkte--
INSERT INTO Produkt (id, kategorieId, bezeichnung, beschreibung, mehrwertsteuerId, details, preis, prozente, datenblattId) VALUES (1, 1,'VanilleTorte','Ein sehr einfacher<br> aber eines der leckeren Kuchen,<br>die es gibt.<br> Beschmückt mit Schmetterlinge.', 1 ,'Keine Details vorhanden', 20 , 0, NULL );
INSERT INTO Produkt (id, kategorieId, bezeichnung, beschreibung, mehrwertsteuerId, details, preis, prozente, datenblattId) VALUES (2, 2,'Schocko-Kuchen','Faszinierender Schoko-Kuchen mit <br>Zartbitter Schokoglasur', 1 ,'Keine Details vorhanden', 20 , 0, NULL );
INSERT INTO Produkt (id, kategorieId, bezeichnung, beschreibung, mehrwertsteuerId, details, preis, prozente, datenblattId) VALUES (3, 2,'Erdbeer-Schokokuchen', 'Leckerer Erdbeer-<br>Schokokuchen mit <br> Erdbeer- und Blaubeerstücken', 1, 'Keine Details vorhanden', 35, 0, NULL);
INSERT INTO Produkt (id, kategorieId, bezeichnung, beschreibung, mehrwertsteuerId, details, preis, prozente, datenblattId) VALUES (4, 2,'Erdbeerkuchen', 'Einfach aber schmackhaft.<br> Hier benutzen wir einen Vanille-Boden<br> und anschließend kommen noch Erdbeeren in Gelee oben drauf.', 1, 'Keine Details vorhanden', 39.99, 0, NULL);
INSERT INTO Produkt (id, kategorieId, bezeichnung, beschreibung, mehrwertsteuerId, details, preis, prozente, datenblattId) VALUES (5, 2,'Biscoff-Kuchen', 'Ein cremiger Karamelltraum mit Lotus Biscoff-Keksen <br>Hier findest du einen knusprigen Keksboden, <br>Karamellcreme im Übermaß und Toppings aus feinen Keksstreuseln und ein paar Biscoff-Keksen', 1, 'Keine Details vorhanden', 29.99, 0, NULL );
INSERT INTO Produkt (id, kategorieId, bezeichnung, beschreibung, mehrwertsteuerId, details, preis, prozente, datenblattId) VALUES (6, 2,'Käse-Kuchen', 'Unser klassischer Käsekuchen mit einem Hauch Vanille und knusprigem Boden. <br>Cremig, leicht und zergeht auf der Zunge! <br>Perfekt zu einer Tasse Kaffee.', 1, 'Keine Details vorhanden', 24.99, 0, NULL);
INSERT INTO Produkt (id, kategorieId, bezeichnung, beschreibung, mehrwertsteuerId, details, preis, prozente, datenblattId) VALUES (7, 2,'Marmor-Kuchen', 'Omas Klassiker! <br>Ein Kuchen aus der Kindheit. <br>Es ist locker, saftig und hat eine harmonische Mischung aus Vanille und Schokolade.', 1, 'Keine Details vorhanden', 19.99, 0, NULL);
INSERT INTO Produkt (id, kategorieId, bezeichnung, beschreibung, mehrwertsteuerId, details, preis, prozente, datenblattId) VALUES (8, 1,'Das Aysu Special', 'Achtung, himmlischer Kuchen! <br>Ein Speizalkuchen für die, die Vanille und Himbeeren über alles lieben. <br>Perfekt neben einer Tasse Kaffee.', 1, 'Keine Details vorhanden', 49.99, 0, NULL);
INSERT INTO Produkt (id, kategorieId, bezeichnung, beschreibung, mehrwertsteuerId, details, preis, prozente, datenblattId) VALUES (9, 2,'Apfel-Kuchen', 'Ein klassischer Apfelkuchen mit zarten Apfelspalten auf einem lockerem Rührteig. <br>Die feine Vanilleglasur macht einem dem Tag schöner.Perfekt für ein Treffen mit Familie oder Freunden! ', 1, 'Keine Details vorhanden', 19.99, 0, NULL);
INSERT INTO Produkt (id, kategorieId, bezeichnung, beschreibung, mehrwertsteuerId, details, preis, prozente, datenblattId) VALUES (10, 1,'Himbeer-Mascarpone Torte', 'Eine himmlisch leichte Torte aus mehreren luftigen Vanilleböden und cremiger Mascarponefüllung. <br>Auf der Oberfläche mit Erdbeeren geschmückt. <br>Für alle, die Frucht und Frische lieben!', 1, 'Keine Details vorhanden', 39.99, 0, NULL );
INSERT INTO Produkt (id, kategorieId, bezeichnung, beschreibung, mehrwertsteuerId, details, preis, prozente, datenblattId) VALUES (11, 1, 'Trüffel-Torte', 'Eine edle Schoko-Torte mit himmlischer Trüffelcreme und luftigem Kakaoboden. <br> Achtung: Sehr schokoladig, zart und unwiderstehlich für Schokoladenliebhaber.', 1, 'Keine Details vorhanden', 39.99, 0, NULL);
INSERT INTO Produkt (id, kategorieId, bezeichnung, beschreibung, mehrwertsteuerId, details, preis, prozente, datenblattId) VALUES (12, 1, 'Torte mit Mascarpone', 'Eine elegante Schichttorte mit Mascarponecreme und einer Vanilleglasur. <br>Eine ideale Geburtstagstorte oder ein Highlight für besondere Anlässe.', 1, 'Keine Details vorhanden', 34.99, 0, NULL);
INSERT INTO Produkt (id, kategorieId, bezeichnung, beschreibung, mehrwertsteuerId, details, preis, prozente, datenblattId) VALUES (13, 1, 'Beerenkuchen mit Happy Hippo', 'Ein fruchtig und verspielter Beerenkuchen mit Erdbeeren, Blaubeeren und Himbeeren. <br>Es ist der perfekte Kuchen für Kindergeburtstage!', 1, 'Keine Details vorhanden', 34.99, 0, NULL);
INSERT INTO Produkt (id, kategorieId, bezeichnung, beschreibung, mehrwertsteuerId, details, preis, prozente, datenblattId) VALUES (14, 2, 'Bienenstich', 'Ein Klassiker! <br>Luftiger Hefeteig, cremige Vanillefüllung <br>und ein knuspriges Mandelkaramelltopping machen diesen Bienenstich lecker.', 1, 'Keine Details vorhanden', 24.99, 0, NULL);
INSERT INTO Produkt (id, kategorieId, bezeichnung, beschreibung, mehrwertsteuerId, details, preis, prozente, datenblattId) VALUES (15, 2, 'Apfelstrudel', 'Warmer Blätteteig mit zarten Apfelstücken und einem Hauch von Zimt. Frisch aus der Konditorei und mit Puderzucker besträut.', 1, 'Keine Details vorhanden', 9.99, 0, NULL);
INSERT INTO Produkt (id, kategorieId, bezeichnung, beschreibung, mehrwertsteuerId, details, preis, prozente, datenblattId) VALUES (16, 2, 'Nasser Zitronenkuchen', 'Ein saftiger Zitronenkuchen mit leichtem Zuckerguss und intensiv fruchtigem Aroma. <br>Ein Muss für Zitronenliebhaber!', 1, 'Keine Details vorhanden', 9.99, 0, NULL);
select * from Produkt
--Produktkategorie--
select * from Produktkategorie p 
INSERT INTO Produktkategorie (id, bezeichnung) VALUES (1, 'Torte');
INSERT INTO Produktkategorie (id, bezeichnung) VALUES (2, 'Kuchen');
--Produktbild--
select * from Produktbild

INSERT INTO Produktbild (id, bildpfad, produktid) VALUES (1,'produktbild/VanilleTorte1.jpg',1);
INSERT INTO Produktbild (id, bildpfad, produktid) VALUES (2,'produktbild/Schokokuchen1.jpg',2);
INSERT INTO Produktbild (id, bildpfad, produktid) VALUES (3,'produktbild/ErdbeereSchokoKuchen1.jpg', 3);
INSERT INTO Produktbild (id, bildpfad, produktid) VALUES (4,'produktbild/Erdbeerkuchen.jpg', 4);
INSERT INTO Produktbild (id, bildpfad, produktid) VALUES (5,'produktbild/BiscoffCake.jpg',5);
INSERT INTO Produktbild (id, bildpfad, produktid) VALUES (6,'produktbild/KaesekuchenMitMascarpone.webp',6);
INSERT INTO Produktbild (id, bildpfad, produktid) VALUES (7,'produktbild/Mamorkuchen.jpg',7);
INSERT INTO Produktbild (id, bildpfad, produktid) VALUES (8,'produktbild/AysuSpecial.jpg',8);
INSERT INTO Produktbild (id, bildpfad, produktid) VALUES (9,'produktbild/Apfelkuchen1.jpg',9);
INSERT INTO Produktbild (id, bildpfad, produktid) VALUES (10,'produktbild/HimbeerMascarponeTorte.jpg', 10);
INSERT INTO Produktbild (id, bildpfad, produktid) VALUES (11,'produktbild/Trueffeltorte.jpg', 11);
INSERT INTO Produktbild (id, bildpfad, produktid) VALUES (12,'produktbild/Geburtstagstorte.jpg',12);
INSERT INTO Produktbild (id, bildpfad, produktid) VALUES (13,'produktbild/Beerenkuchen.jpg', 13);
INSERT INTO Produktbild (id, bildpfad, produktid) VALUES (14,'produktbild/Bienenstich.jpg', 14);
INSERT INTO Produktbild (id, bildpfad, produktid) VALUES (15,'produktbild/Hefeteig-Apfelstrudel.jpg', 15);
INSERT INTO Produktbild (id, bildpfad, produktid) VALUES (16,'produktbild/ZitronenkuchenStapel.jpg', 16);

--Review Bilder--
INSERT INTO Produktbild (id, bildpfad, produktId) VALUES (26,'produktbild/Schokokuchenreview.jpg', 2);
INSERT INTO Produktbild (id, bildpfad, produktId) VALUES (27,'produktbild/Schokokuchenreview2.jpg', 2);
INSERT INTO Produktbild (id, bildpfad, produktId) VALUES (28,'produktbild/Schokokuchenreview3.jpg', 2);

INSERT INTO Produktbild (id, bildpfad, produktId) VALUES (29,'produktbild/Erdbeerkuchenreview.jpg', 4);
INSERT INTO Produktbild (id, bildpfad, produktId) VALUES (30,'produktbild/Erdbeerkuchenreview1.jpg', 4);
INSERT INTO Produktbild (id, bildpfad, produktId) VALUES (31,'produktbild/Erdbeerkuchenreview2.jpg', 4);
INSERT INTO Produktbild (id, bildpfad, produktId) VALUES (32,'produktbild/Erdbeerkuchenreview3.jpg', 4);

INSERT INTO Produktbild (id, bildpfad, produktId) VALUES (33,'produktbild/BiscoffKuchenreview.jpg', 5);
INSERT INTO Produktbild (id, bildpfad, produktId) VALUES (34,'produktbild/BiscoffKuchenreview2.jpg', 5);
INSERT INTO Produktbild (id, bildpfad, produktId) VALUES (35,'produktbild/BiscoffKuchenreview3.jpg', 5);
INSERT INTO Produktbild (id, bildpfad, produktId) VALUES (36,'produktbild/BiscoffKuchenreview4.jpg', 5);

INSERT INTO Produktbild (id, bildpfad, produktId) VALUES (37,'produktbild/KaesekuchenMitMascarponereview.jpg', 6);
INSERT INTO Produktbild (id, bildpfad, produktId) VALUES (38,'produktbild/KaesekuchenMitMascarponereview2.jpg', 6);
INSERT INTO Produktbild (id, bildpfad, produktId) VALUES (39,'produktbild/KaesekuchenMitMascarponereview3.jpg', 6);
INSERT INTO Produktbild (id, bildpfad, produktId) VALUES (40,'produktbild/Apfelkuchen-review.jpg', 9);

INSERT INTO Produktbild (id, bildpfad, produktId) VALUES (41,'produktbild/HimbeerMascarponereview.jpg', 10);
INSERT INTO Produktbild (id, bildpfad, produktId) VALUES (42,'produktbild/HimbeerMascarponereview2.jpg', 10);

INSERT INTO Produktbild (id, bildpfad, produktId) VALUES (43,'produktbild/Trueffeltortereview.jpg', 11);
INSERT INTO Produktbild (id, bildpfad, produktId) VALUES (44,'produktbild/Trueffeltortereview2.jpg', 11);
INSERT INTO Produktbild (id, bildpfad, produktId) VALUES (45,'produktbild/Trueffeltortereview3.jpg', 11);

INSERT INTO Produktbild (id, bildpfad, produktId) VALUES (46,'produktbild/Bienenstichreview.jpg', 14);
INSERT INTO Produktbild (id, bildpfad, produktId) VALUES (47,'produktbild/Bienenstichreview2.jpg', 14);
INSERT INTO Produktbild (id, bildpfad, produktId) VALUES (48,'produktbild/Bienenstichreview3.jpg', 14);
INSERT INTO Produktbild (id, bildpfad, produktId) VALUES (49,'produktbild/Bienenstichreview4.jpg', 14);

INSERT INTO Produktbild (id, bildpfad, produktId) VALUES (50,'produktbild/Apfelstrudelreview.jpg', 15);
INSERT INTO Produktbild (id, bildpfad, produktId) VALUES (51,'produktbild/Apfelstrudelreview2.jpg', 15);
INSERT INTO Produktbild (id, bildpfad, produktId) VALUES (52,'produktbild/Apfelstrudelreview3.jpg', 15);
INSERT INTO Produktbild (id, bildpfad, produktId) VALUES (53,'produktbild/Apfelstrudelreview4.jpg', 15);

INSERT INTO Bewertung(id, productid, vorname, name, bewertung, rezension) VALUES (1,1,"Samed", "Uenal", 4, "Sehr leckerer Kuchen. Empfehle ich für jeden!");
INSERT INTO Bewertung (productid, vorname, name, bewertung, rezension) VALUES 
(1, 'Bedirhan', 'Uenal', 5, 'Sehr leckerer Kuchen, frisch und saftig.'),
(1, 'Anna', 'Müller', 4, 'Geschmacklich sehr gut, etwas süß.');

INSERT INTO Bewertung VALUES
(NULL, 2, 'Max', 'Schneider', 5, 'Perfekt zum Kaffee, sehr zu empfehlen.'),
(NULL, 2, 'Abdullah', 'Uenal', 3, 'Ganz okay, hätte saftiger sein können.');

INSERT INTO Bewertung VALUES
(NULL, 3, 'Tom', 'Weber', 4, 'Gute Qualität, schmeckt frisch.'),
(NULL, 3, 'Nina', 'Becker', 5, 'Einer der besten Kuchen hier!');

INSERT INTO Bewertung VALUES
(NULL, 4, 'Paul', 'Hoffmann', 2, 'Leider nicht mein Geschmack.'),
(NULL, 4, 'Lena', 'Koch', 4, 'Besser als erwartet, gerne wieder.');

INSERT INTO Bewertung VALUES
(NULL, 5, 'Jan', 'Richter', 5, 'Super lecker und sehr frisch.'),
(NULL, 5, 'Marie', 'Wolf', 4, 'Sehr gut, aber etwas teuer.');

INSERT INTO Bewertung VALUES
(NULL, 6, 'Chris', 'Neumann', 3, 'Solide Qualität, nichts Besonderes.'),
(NULL, 6, 'Julia', 'Schulz', 5, 'Absolut empfehlenswert!');

INSERT INTO Bewertung VALUES
(NULL, 7, 'David', 'Krüger', 4, 'Schmeckt sehr gut.'),
(NULL, 7, 'Sarah', 'Brandt', 5, 'Mega lecker, kaufe ich wieder.');

INSERT INTO Bewertung VALUES
(NULL, 8, 'Felix', 'Lang', 3, 'Okay, aber nicht überragend.'),
(NULL, 8, 'Miriam', 'Schwarz', 4, 'Ganz lecker, gute Konsistenz.');

INSERT INTO Bewertung VALUES
(NULL, 9, 'Kevin', 'Maier', 5, 'Top Produkt, sehr zufrieden.'),
(NULL, 9, 'Sophie', 'Klein', 4, 'Guter Geschmack, schnelle Lieferung.');

INSERT INTO Bewertung VALUES
(NULL, 10, 'Leon', 'Hartmann', 2, 'Nicht mein Fall.'),
(NULL, 10, 'Eva', 'Zimmermann', 4, 'Schmeckt gut, würde ich wieder kaufen.');

INSERT INTO Bewertung VALUES
(NULL, 11, 'Moritz', 'Jung', 5, 'Richtig lecker, sehr frisch.'),
(NULL, 11, 'Clara', 'Bauer', 5, 'Mein Lieblingsprodukt!');

INSERT INTO Bewertung VALUES
(NULL, 12, 'Tim', 'Lorenz', 3, 'In Ordnung, aber nichts Besonderes.'),
(NULL, 12, 'Isabel', 'Seidel', 4, 'Ganz gut, empfehlenswert.');

INSERT INTO Bewertung VALUES
(NULL, 13, 'Daniel', 'Graf', 5, 'Super Geschmack, top Qualität.'),
(NULL, 13, 'Kathrin', 'Peters', 4, 'Sehr lecker, nur leicht trocken.');

INSERT INTO Bewertung VALUES
(NULL, 14, 'Robin', 'Arnold', 3, 'Durchschnittlich.'),
(NULL, 14, 'Vanessa', 'Kuhn', 4, 'Ganz gut, würde ich empfehlen.');

INSERT INTO Bewertung VALUES
(NULL, 15, 'Marco', 'Vogel', 5, 'Extrem lecker, perfekte Süße.'),
(NULL, 15, 'Alina', 'Kramer', 4, 'Sehr gut, kleine Abzüge.');

INSERT INTO Bewertung VALUES
(NULL, 16, 'Jonas', 'Brand', 5, 'Fantastisch, sehr zu empfehlen.'),
(NULL, 16, 'Emily', 'Otto', 4, 'Sehr lecker, gute Qualität.');
